<manifest><control namespace="PowerCAT" constructor="ProgressIndicator" version="1.0.8" display-name-key="ProgressIndicator" description-key="ProgressIndicator_desc" control-type="virtual" api-version="1.3.4"><property name="Theme" display-name-key="Theme" of-type="Multiple" usage="input" required="false" /><property name="Label" display-name-key="Label" of-type="SingleLine.Text" usage="input" required="false" /><property name="Description" display-name-key="Description" of-type="SingleLine.Text" usage="input" required="false" /><property name="AccessibilityLabel" display-name-key="AccessibilityLabel" of-type="SingleLine.Text" usage="input" required="false" /><property name="PercentComplete" description-key="PercentComplete_Desc" display-name-key="PercentComplete" required="true" usage="input" of-type="Whole.None" default-value="40" /><property name="TypeofIndicator" display-name-key="TypeofIndicator" description-key="TypeofIndicator" usage="input" of-type="Enum" required="true"><value name="DefaultIndicator" display-name-key="DefaultIndicator" description-key="DefaultIndicator" default="true">Default Indicator</value><value name="IndeterminateIndicator" display-name-key="IndeterminateIndicator" description-key="IndeterminateIndicator">Indeterminate Indicator</value></property><property name="HideProgressBar" display-name-key="HideProgressBar" of-type="TwoOptions" usage="input" default-value="false" required="false" /><property name="BarHeight" description-key="BarHeight" display-name-key="BarHeight" required="true" usage="input" of-type="Whole.None" default-value="2" /><resources><code path="bundle.js" order="1" /><resx path="strings/ProgressIndicator.1033.resx" version="1.0.0" /><platform-library name="React" version="16.8.6" /><platform-library name="Fluent" version="8.29.0" /></resources><built-by name="pac" version="1.16.6" /></control></manifest>