<ImportExportXml xmlns:xsi="http://www.w3.org/2001/XMLSchema-instance">
  <Entities></Entities>
  <Roles></Roles>
  <Workflows></Workflows>
  <FieldSecurityProfiles></FieldSecurityProfiles>
  <Templates />
  <EntityMaps />
  <EntityRelationships />
  <OrganizationSettings />
  <optionsets />
  <CustomControls />
  <EntityDataProviders />
  <CanvasApps>
    <CanvasApp>
      <Name>cat_fluentthemedesigner_00e67</Name>
      <AppVersion>2022-06-01T20:02:27Z</AppVersion>
      <Status>Ready</Status>
      <CreatedByClientVersion>3.22052.27.0</CreatedByClientVersion>
      <MinClientVersion>3.22052.27.0</MinClientVersion>
      <Tags>{"primaryDeviceWidth":"1679","primaryDeviceHeight":"778","supportsPortrait":"true","supportsLandscape":"true","primaryFormFactor":"Tablet","publisherVersion":"3.22052.27","minimumRequiredApiVersion":"2.2.0","hasComponent":"true","hasUnlockedComponent":"false","isUnifiedRootApp":"false","sienaVersion":"20220517T153330Z-3.22051.27.0"}</Tags>
      <IsCdsUpgraded>0</IsCdsUpgraded>
      <GalleryItemId xsi:nil="true"></GalleryItemId>
      <BackgroundColor>rgba(0, 120, 212, 1)</BackgroundColor>
      <DisplayName>Fluent Theme Designer</DisplayName>
      <Description xsi:nil="true"></Description>
      <CommitMessage xsi:nil="true"></CommitMessage>
      <Publisher xsi:nil="true"></Publisher>
      <AuthorizationReferences>[]</AuthorizationReferences>
      <ConnectionReferences>{}</ConnectionReferences>
      <DatabaseReferences>{"default.cds":{"databaseDetails":{"referenceType":"Environmental","environmentName":"default.cds","overrideValues":{"status":"NotSpecified"}},"dataSources":{},"components":[{"componentName":"CustomControl","identifier":"cat_PowerCAT.ThemeDesigner","identifierType":"LogicalName","capabilities":{"pcfExternalServiceUsageAllowed":false}}]}}</DatabaseReferences>
      <AppComponents>[]</AppComponents>
      <AppComponentDependencies>[{"appComponentName":"6da4b2f929d240969e49e05e10e720ce","appName":"2f6b0e93-7676-4072-ab3d-0644915eb4ff","appComponentLibraryName":"81e5e6a9-c44c-4745-94af-8b1fdb4ee232","appComponentLibraryVersion":"2022-06-01T19:34:47Z","appComponentLibraryLogicalName":"cat_powercatcomponentlibrary_0be3a","environmentName":"439a778f-f966-4fad-b85c-706b1c34dcfa"}]</AppComponentDependencies>
      <CanConsumeAppPass>1</CanConsumeAppPass>
      <CanvasAppType>0</CanvasAppType>
      <BypassConsent>0</BypassConsent>
      <AdminControlBypassConsent>0</AdminControlBypassConsent>
      <EmbeddedApp xsi:nil="true"></EmbeddedApp>
      <IntroducedVersion>1.0</IntroducedVersion>
      <CdsDependencies>{"cdsdependencies":[{"dependencyid":"","logicalname":"cat_PowerCAT.ThemeDesigner","componenttype":66,"componenttypeplatformname":"CustomControl"},{"logicalname":"cat_powercatcomponentlibrary_0be3a","componenttype":300,"componenttypeplatformname":"CanvasApp"}]}</CdsDependencies>
      <IsCustomizable>1</IsCustomizable>
      <BackgroundImageUri>/CanvasApps/cat_fluentthemedesigner_00e67_BackgroundImageUri</BackgroundImageUri>
      <DocumentUri>/CanvasApps/cat_fluentthemedesigner_00e67_DocumentUri.msapp</DocumentUri>
    </CanvasApp>
    <CanvasApp>
      <Name>cat_creatorkitcontrolreferenceapp_d66f8</Name>
      <AppVersion>2022-09-01T00:47:56Z</AppVersion>
      <Status>Ready</Status>
      <CreatedByClientVersion>3.22083.10.0</CreatedByClientVersion>
      <MinClientVersion>3.22083.10.0</MinClientVersion>
      <Tags>{"primaryDeviceWidth":"1366","primaryDeviceHeight":"768","sienaVersion":"20220831T051056Z-3.22083.10.0","deviceCapabilities":"","supportsPortrait":"true","supportsLandscape":"true","primaryFormFactor":"Tablet","publisherVersion":"3.22083.10","minimumRequiredApiVersion":"2.2.0","hasComponent":"true","hasUnlockedComponent":"true","isUnifiedRootApp":"false"}</Tags>
      <IsCdsUpgraded>0</IsCdsUpgraded>
      <GalleryItemId xsi:nil="true"></GalleryItemId>
      <BackgroundColor>rgba(255, 255, 255, 1)</BackgroundColor>
      <DisplayName>Creator Kit Reference App</DisplayName>
      <Description xsi:nil="true"></Description>
      <CommitMessage xsi:nil="true"></CommitMessage>
      <Publisher></Publisher>
      <AuthorizationReferences>[]</AuthorizationReferences>
      <ConnectionReferences>{}</ConnectionReferences>
      <DatabaseReferences>{"default.cds":{"databaseDetails":{"referenceType":"Environmental","environmentName":"default.cds","overrideValues":{"status":"NotSpecified"}},"dataSources":{},"components":[{"componentName":"CustomControl","identifier":"cat_PowerCAT.Pivot","identifierType":"LogicalName","capabilities":{"pcfExternalServiceUsageAllowed":false}},{"componentName":"CustomControl","identifier":"cat_PowerCAT.Pivot","identifierType":"LogicalName","capabilities":{"pcfExternalServiceUsageAllowed":false}},{"componentName":"CustomControl","identifier":"cat_PowerCAT.CommandBar","identifierType":"LogicalName","capabilities":{"pcfExternalServiceUsageAllowed":false}},{"componentName":"CustomControl","identifier":"cat_PowerCAT.Pivot","identifierType":"LogicalName","capabilities":{"pcfExternalServiceUsageAllowed":false}},{"componentName":"CustomControl","identifier":"cat_PowerCAT.ResizableTextarea","identifierType":"LogicalName","capabilities":{"pcfExternalServiceUsageAllowed":false}},{"componentName":"CustomControl","identifier":"cat_PowerCAT.Pivot","identifierType":"LogicalName","capabilities":{"pcfExternalServiceUsageAllowed":false}},{"componentName":"CustomControl","identifier":"cat_PowerCAT.CommandBar","identifierType":"LogicalName","capabilities":{"pcfExternalServiceUsageAllowed":false}},{"componentName":"CustomControl","identifier":"cat_PowerCAT.Pivot","identifierType":"LogicalName","capabilities":{"pcfExternalServiceUsageAllowed":false}},{"componentName":"CustomControl","identifier":"cat_PowerCAT.ResizableTextarea","identifierType":"LogicalName","capabilities":{"pcfExternalServiceUsageAllowed":false}},{"componentName":"CustomControl","identifier":"cat_PowerCAT.ResizableTextarea","identifierType":"LogicalName","capabilities":{"pcfExternalServiceUsageAllowed":false}},{"componentName":"CustomControl","identifier":"cat_PowerCAT.Pivot","identifierType":"LogicalName","capabilities":{"pcfExternalServiceUsageAllowed":false}},{"componentName":"CustomControl","identifier":"cat_PowerCAT.AutoWidthLabel","identifierType":"LogicalName","capabilities":{"pcfExternalServiceUsageAllowed":false}},{"componentName":"CustomControl","identifier":"cat_PowerCAT.Icon","identifierType":"LogicalName","capabilities":{"pcfExternalServiceUsageAllowed":false}},{"componentName":"CustomControl","identifier":"cat_PowerCAT.Pivot","identifierType":"LogicalName","capabilities":{"pcfExternalServiceUsageAllowed":false}},{"componentName":"CustomControl","identifier":"cat_PowerCAT.Icon","identifierType":"LogicalName","capabilities":{"pcfExternalServiceUsageAllowed":false}},{"componentName":"CustomControl","identifier":"cat_PowerCAT.Icon","identifierType":"LogicalName","capabilities":{"pcfExternalServiceUsageAllowed":false}},{"componentName":"CustomControl","identifier":"cat_PowerCAT.Icon","identifierType":"LogicalName","capabilities":{"pcfExternalServiceUsageAllowed":false}},{"componentName":"CustomControl","identifier":"cat_PowerCAT.FluentDetailsList","identifierType":"LogicalName","capabilities":{"pcfExternalServiceUsageAllowed":false}},{"componentName":"CustomControl","identifier":"cat_PowerCAT.Pivot","identifierType":"LogicalName","capabilities":{"pcfExternalServiceUsageAllowed":false}},{"componentName":"CustomControl","identifier":"cat_PowerCAT.Icon","identifierType":"LogicalName","capabilities":{"pcfExternalServiceUsageAllowed":false}},{"componentName":"CustomControl","identifier":"cat_PowerCAT.Icon","identifierType":"LogicalName","capabilities":{"pcfExternalServiceUsageAllowed":false}},{"componentName":"CustomControl","identifier":"cat_PowerCAT.Icon","identifierType":"LogicalName","capabilities":{"pcfExternalServiceUsageAllowed":false}},{"componentName":"CustomControl","identifier":"cat_PowerCAT.Icon","identifierType":"LogicalName","capabilities":{"pcfExternalServiceUsageAllowed":false}},{"componentName":"CustomControl","identifier":"cat_PowerCAT.Pivot","identifierType":"LogicalName","capabilities":{"pcfExternalServiceUsageAllowed":false}},{"componentName":"CustomControl","identifier":"cat_PowerCAT.Nav","identifierType":"LogicalName","capabilities":{"pcfExternalServiceUsageAllowed":false}},{"componentName":"CustomControl","identifier":"cat_PowerCAT.Pivot","identifierType":"LogicalName","capabilities":{"pcfExternalServiceUsageAllowed":false}},{"componentName":"CustomControl","identifier":"cat_PowerCAT.ContextMenu","identifierType":"LogicalName","capabilities":{"pcfExternalServiceUsageAllowed":false}},{"componentName":"CustomControl","identifier":"cat_PowerCAT.ContextMenu","identifierType":"LogicalName","capabilities":{"pcfExternalServiceUsageAllowed":false}},{"componentName":"CustomControl","identifier":"cat_PowerCAT.Pivot","identifierType":"LogicalName","capabilities":{"pcfExternalServiceUsageAllowed":false}},{"componentName":"CustomControl","identifier":"cat_PowerCAT.CommandBar","identifierType":"LogicalName","capabilities":{"pcfExternalServiceUsageAllowed":false}},{"componentName":"CustomControl","identifier":"cat_PowerCAT.Pivot","identifierType":"LogicalName","capabilities":{"pcfExternalServiceUsageAllowed":false}},{"componentName":"CustomControl","identifier":"cat_PowerCAT.Elevation","identifierType":"LogicalName","capabilities":{"pcfExternalServiceUsageAllowed":false}},{"componentName":"CustomControl","identifier":"cat_PowerCAT.Pivot","identifierType":"LogicalName","capabilities":{"pcfExternalServiceUsageAllowed":false}},{"componentName":"CustomControl","identifier":"cat_PowerCAT.Elevation","identifierType":"LogicalName","capabilities":{"pcfExternalServiceUsageAllowed":false}},{"componentName":"CustomControl","identifier":"cat_PowerCAT.Icon","identifierType":"LogicalName","capabilities":{"pcfExternalServiceUsageAllowed":false}},{"componentName":"CustomControl","identifier":"cat_PowerCAT.Elevation","identifierType":"LogicalName","capabilities":{"pcfExternalServiceUsageAllowed":false}},{"componentName":"CustomControl","identifier":"cat_PowerCAT.AutoWidthLabel","identifierType":"LogicalName","capabilities":{"pcfExternalServiceUsageAllowed":false}},{"componentName":"CustomControl","identifier":"cat_PowerCAT.Pivot","identifierType":"LogicalName","capabilities":{"pcfExternalServiceUsageAllowed":false}},{"componentName":"CustomControl","identifier":"cat_PowerCAT.Elevation","identifierType":"LogicalName","capabilities":{"pcfExternalServiceUsageAllowed":false}},{"componentName":"CustomControl","identifier":"cat_PowerCAT.CommandBar","identifierType":"LogicalName","capabilities":{"pcfExternalServiceUsageAllowed":false}},{"componentName":"CustomControl","identifier":"cat_PowerCAT.Pivot","identifierType":"LogicalName","capabilities":{"pcfExternalServiceUsageAllowed":false}},{"componentName":"CustomControl","identifier":"cat_PowerCAT.Icon","identifierType":"LogicalName","capabilities":{"pcfExternalServiceUsageAllowed":false}},{"componentName":"CustomControl","identifier":"cat_PowerCAT.FluentDetailsList","identifierType":"LogicalName","capabilities":{"pcfExternalServiceUsageAllowed":false}},{"componentName":"CustomControl","identifier":"cat_PowerCAT.Pivot","identifierType":"LogicalName","capabilities":{"pcfExternalServiceUsageAllowed":false}},{"componentName":"CustomControl","identifier":"cat_PowerCAT.CommandBar","identifierType":"LogicalName","capabilities":{"pcfExternalServiceUsageAllowed":false}},{"componentName":"CustomControl","identifier":"cat_PowerCAT.Pivot","identifierType":"LogicalName","capabilities":{"pcfExternalServiceUsageAllowed":false}},{"componentName":"CustomControl","identifier":"cat_PowerCAT.Elevation","identifierType":"LogicalName","capabilities":{"pcfExternalServiceUsageAllowed":false}},{"componentName":"CustomControl","identifier":"cat_PowerCAT.Picker","identifierType":"LogicalName","capabilities":{"pcfExternalServiceUsageAllowed":false}},{"componentName":"CustomControl","identifier":"cat_PowerCAT.CommandBar","identifierType":"LogicalName","capabilities":{"pcfExternalServiceUsageAllowed":false}},{"componentName":"CustomControl","identifier":"cat_PowerCAT.FluentDetailsList","identifierType":"LogicalName","capabilities":{"pcfExternalServiceUsageAllowed":false}},{"componentName":"CustomControl","identifier":"cat_PowerCAT.Elevation","identifierType":"LogicalName","capabilities":{"pcfExternalServiceUsageAllowed":false}},{"componentName":"CustomControl","identifier":"cat_PowerCAT.Pivot","identifierType":"LogicalName","capabilities":{"pcfExternalServiceUsageAllowed":false}},{"componentName":"CustomControl","identifier":"cat_PowerCAT.Icon","identifierType":"LogicalName","capabilities":{"pcfExternalServiceUsageAllowed":false}},{"componentName":"CustomControl","identifier":"cat_PowerCAT.Picker","identifierType":"LogicalName","capabilities":{"pcfExternalServiceUsageAllowed":false}},{"componentName":"CustomControl","identifier":"cat_PowerCAT.Elevation","identifierType":"LogicalName","capabilities":{"pcfExternalServiceUsageAllowed":false}},{"componentName":"CustomControl","identifier":"cat_PowerCAT.Icon","identifierType":"LogicalName","capabilities":{"pcfExternalServiceUsageAllowed":false}},{"componentName":"CustomControl","identifier":"cat_PowerCAT.Icon","identifierType":"LogicalName","capabilities":{"pcfExternalServiceUsageAllowed":false}},{"componentName":"CustomControl","identifier":"cat_PowerCAT.Pivot","identifierType":"LogicalName","capabilities":{"pcfExternalServiceUsageAllowed":false}},{"componentName":"CustomControl","identifier":"cat_PowerCAT.Elevation","identifierType":"LogicalName","capabilities":{"pcfExternalServiceUsageAllowed":false}},{"componentName":"CustomControl","identifier":"cat_PowerCAT.TagList","identifierType":"LogicalName","capabilities":{"pcfExternalServiceUsageAllowed":false}},{"componentName":"CustomControl","identifier":"cat_PowerCAT.Pivot","identifierType":"LogicalName","capabilities":{"pcfExternalServiceUsageAllowed":false}},{"componentName":"CustomControl","identifier":"cat_PowerCAT.Elevation","identifierType":"LogicalName","capabilities":{"pcfExternalServiceUsageAllowed":false}},{"componentName":"CustomControl","identifier":"cat_PowerCAT.TagList","identifierType":"LogicalName","capabilities":{"pcfExternalServiceUsageAllowed":false}},{"componentName":"CustomControl","identifier":"cat_PowerCAT.Pivot","identifierType":"LogicalName","capabilities":{"pcfExternalServiceUsageAllowed":false}},{"componentName":"CustomControl","identifier":"cat_PowerCAT.Elevation","identifierType":"LogicalName","capabilities":{"pcfExternalServiceUsageAllowed":false}},{"componentName":"CustomControl","identifier":"cat_PowerCAT.FluentDetailsList","identifierType":"LogicalName","capabilities":{"pcfExternalServiceUsageAllowed":false}},{"componentName":"CustomControl","identifier":"cat_PowerCAT.Pivot","identifierType":"LogicalName","capabilities":{"pcfExternalServiceUsageAllowed":false}},{"componentName":"CustomControl","identifier":"cat_PowerCAT.Elevation","identifierType":"LogicalName","capabilities":{"pcfExternalServiceUsageAllowed":false}},{"componentName":"CustomControl","identifier":"cat_PowerCAT.FluentDetailsList","identifierType":"LogicalName","capabilities":{"pcfExternalServiceUsageAllowed":false}},{"componentName":"CustomControl","identifier":"cat_PowerCAT.Pivot","identifierType":"LogicalName","capabilities":{"pcfExternalServiceUsageAllowed":false}},{"componentName":"CustomControl","identifier":"cat_PowerCAT.Elevation","identifierType":"LogicalName","capabilities":{"pcfExternalServiceUsageAllowed":false}},{"componentName":"CustomControl","identifier":"cat_PowerCAT.FluentDetailsList","identifierType":"LogicalName","capabilities":{"pcfExternalServiceUsageAllowed":false}},{"componentName":"CustomControl","identifier":"cat_PowerCAT.Pivot","identifierType":"LogicalName","capabilities":{"pcfExternalServiceUsageAllowed":false}},{"componentName":"CustomControl","identifier":"cat_PowerCAT.Elevation","identifierType":"LogicalName","capabilities":{"pcfExternalServiceUsageAllowed":false}},{"componentName":"CustomControl","identifier":"cat_PowerCAT.CommandBar","identifierType":"LogicalName","capabilities":{"pcfExternalServiceUsageAllowed":false}},{"componentName":"CustomControl","identifier":"cat_PowerCAT.Icon","identifierType":"LogicalName","capabilities":{"pcfExternalServiceUsageAllowed":false}},{"componentName":"CustomControl","identifier":"cat_PowerCAT.FluentDetailsList","identifierType":"LogicalName","capabilities":{"pcfExternalServiceUsageAllowed":false}},{"componentName":"CustomControl","identifier":"cat_PowerCAT.Icon","identifierType":"LogicalName","capabilities":{"pcfExternalServiceUsageAllowed":false}},{"componentName":"CustomControl","identifier":"cat_PowerCAT.Icon","identifierType":"LogicalName","capabilities":{"pcfExternalServiceUsageAllowed":false}},{"componentName":"CustomControl","identifier":"cat_PowerCAT.Icon","identifierType":"LogicalName","capabilities":{"pcfExternalServiceUsageAllowed":false}},{"componentName":"CustomControl","identifier":"cat_PowerCAT.Pivot","identifierType":"LogicalName","capabilities":{"pcfExternalServiceUsageAllowed":false}},{"componentName":"CustomControl","identifier":"cat_PowerCAT.Breadcrumb","identifierType":"LogicalName","capabilities":{"pcfExternalServiceUsageAllowed":false}},{"componentName":"CustomControl","identifier":"cat_PowerCAT.Pivot","identifierType":"LogicalName","capabilities":{"pcfExternalServiceUsageAllowed":false}},{"componentName":"CustomControl","identifier":"cat_PowerCAT.ResizableTextarea","identifierType":"LogicalName","capabilities":{"pcfExternalServiceUsageAllowed":false}},{"componentName":"CustomControl","identifier":"cat_PowerCAT.KeyboardShortcuts","identifierType":"LogicalName","capabilities":{"pcfExternalServiceUsageAllowed":false}},{"componentName":"CustomControl","identifier":"cat_PowerCAT.ResizableTextarea","identifierType":"LogicalName","capabilities":{"pcfExternalServiceUsageAllowed":false}},{"componentName":"CustomControl","identifier":"cat_PowerCAT.ResizableTextarea","identifierType":"LogicalName","capabilities":{"pcfExternalServiceUsageAllowed":false}},{"componentName":"CustomControl","identifier":"cat_PowerCAT.Nav","identifierType":"LogicalName","capabilities":{"pcfExternalServiceUsageAllowed":false}},{"componentName":"CustomControl","identifier":"cat_PowerCAT.Elevation","identifierType":"LogicalName","capabilities":{"pcfExternalServiceUsageAllowed":false}},{"componentName":"CustomControl","identifier":"cat_PowerCAT.Pivot","identifierType":"LogicalName","capabilities":{"pcfExternalServiceUsageAllowed":false}},{"componentName":"CustomControl","identifier":"cat_PowerCAT.Pivot","identifierType":"LogicalName","capabilities":{"pcfExternalServiceUsageAllowed":false}},{"componentName":"CustomControl","identifier":"cat_PowerCAT.Pivot","identifierType":"LogicalName","capabilities":{"pcfExternalServiceUsageAllowed":false}},{"componentName":"CustomControl","identifier":"cat_PowerCAT.Pivot","identifierType":"LogicalName","capabilities":{"pcfExternalServiceUsageAllowed":false}},{"componentName":"CustomControl","identifier":"cat_PowerCAT.Pivot","identifierType":"LogicalName","capabilities":{"pcfExternalServiceUsageAllowed":false}},{"componentName":"CustomControl","identifier":"cat_PowerCAT.Elevation","identifierType":"LogicalName","capabilities":{"pcfExternalServiceUsageAllowed":false}},{"componentName":"CustomControl","identifier":"cat_PowerCAT.FluentDetailsList","identifierType":"LogicalName","capabilities":{"pcfExternalServiceUsageAllowed":false}},{"componentName":"CustomControl","identifier":"cat_PowerCAT.Elevation","identifierType":"LogicalName","capabilities":{"pcfExternalServiceUsageAllowed":false}},{"componentName":"CustomControl","identifier":"cat_PowerCAT.Pivot","identifierType":"LogicalName","capabilities":{"pcfExternalServiceUsageAllowed":false}},{"componentName":"CustomControl","identifier":"cat_PowerCAT.Elevation","identifierType":"LogicalName","capabilities":{"pcfExternalServiceUsageAllowed":false}},{"componentName":"CustomControl","identifier":"cat_PowerCAT.Nav","identifierType":"LogicalName","capabilities":{"pcfExternalServiceUsageAllowed":false}},{"componentName":"CustomControl","identifier":"cat_PowerCAT.AutoWidthLabel","identifierType":"LogicalName","capabilities":{"pcfExternalServiceUsageAllowed":false}},{"componentName":"CustomControl","identifier":"cat_PowerCAT.Nav","identifierType":"LogicalName","capabilities":{"pcfExternalServiceUsageAllowed":false}},{"componentName":"CustomControl","identifier":"cat_PowerCAT.TagList","identifierType":"LogicalName","capabilities":{"pcfExternalServiceUsageAllowed":false}},{"componentName":"CustomControl","identifier":"cat_PowerCAT.ResizableTextarea","identifierType":"LogicalName","capabilities":{"pcfExternalServiceUsageAllowed":false}},{"componentName":"CustomControl","identifier":"cat_PowerCAT.CommandBar","identifierType":"LogicalName","capabilities":{"pcfExternalServiceUsageAllowed":false}},{"componentName":"CustomControl","identifier":"cat_PowerCAT.ContextMenu","identifierType":"LogicalName","capabilities":{"pcfExternalServiceUsageAllowed":false}},{"componentName":"CustomControl","identifier":"cat_PowerCAT.FluentDetailsList","identifierType":"LogicalName","capabilities":{"pcfExternalServiceUsageAllowed":false}},{"componentName":"CustomControl","identifier":"cat_PowerCAT.Elevation","identifierType":"LogicalName","capabilities":{"pcfExternalServiceUsageAllowed":false}},{"componentName":"CustomControl","identifier":"cat_PowerCAT.Icon","identifierType":"LogicalName","capabilities":{"pcfExternalServiceUsageAllowed":false}},{"componentName":"CustomControl","identifier":"cat_PowerCAT.KeyboardShortcuts","identifierType":"LogicalName","capabilities":{"pcfExternalServiceUsageAllowed":false}},{"componentName":"CustomControl","identifier":"cat_PowerCAT.Pivot","identifierType":"LogicalName","capabilities":{"pcfExternalServiceUsageAllowed":false}},{"componentName":"CustomControl","identifier":"cat_PowerCAT.Picker","identifierType":"LogicalName","capabilities":{"pcfExternalServiceUsageAllowed":false}},{"componentName":"CustomControl","identifier":"cat_PowerCAT.Elevation","identifierType":"LogicalName","capabilities":{"pcfExternalServiceUsageAllowed":false}},{"componentName":"CustomControl","identifier":"cat_PowerCAT.Elevation","identifierType":"LogicalName","capabilities":{"pcfExternalServiceUsageAllowed":false}},{"componentName":"CustomControl","identifier":"cat_PowerCAT.Elevation","identifierType":"LogicalName","capabilities":{"pcfExternalServiceUsageAllowed":false}},{"componentName":"CustomControl","identifier":"cat_PowerCAT.Elevation","identifierType":"LogicalName","capabilities":{"pcfExternalServiceUsageAllowed":false}},{"componentName":"CustomControl","identifier":"cat_PowerCAT.Elevation","identifierType":"LogicalName","capabilities":{"pcfExternalServiceUsageAllowed":false}},{"componentName":"CustomControl","identifier":"cat_PowerCAT.Elevation","identifierType":"LogicalName","capabilities":{"pcfExternalServiceUsageAllowed":false}},{"componentName":"CustomControl","identifier":"cat_PowerCAT.Elevation","identifierType":"LogicalName","capabilities":{"pcfExternalServiceUsageAllowed":false}},{"componentName":"CustomControl","identifier":"cat_PowerCAT.Elevation","identifierType":"LogicalName","capabilities":{"pcfExternalServiceUsageAllowed":false}},{"componentName":"CustomControl","identifier":"cat_PowerCAT.Elevation","identifierType":"LogicalName","capabilities":{"pcfExternalServiceUsageAllowed":false}},{"componentName":"CustomControl","identifier":"cat_PowerCAT.Elevation","identifierType":"LogicalName","capabilities":{"pcfExternalServiceUsageAllowed":false}},{"componentName":"CustomControl","identifier":"cat_PowerCAT.Elevation","identifierType":"LogicalName","capabilities":{"pcfExternalServiceUsageAllowed":false}},{"componentName":"CustomControl","identifier":"cat_PowerCAT.Elevation","identifierType":"LogicalName","capabilities":{"pcfExternalServiceUsageAllowed":false}},{"componentName":"CustomControl","identifier":"cat_PowerCAT.Elevation","identifierType":"LogicalName","capabilities":{"pcfExternalServiceUsageAllowed":false}},{"componentName":"CustomControl","identifier":"cat_PowerCAT.Elevation","identifierType":"LogicalName","capabilities":{"pcfExternalServiceUsageAllowed":false}},{"componentName":"CustomControl","identifier":"cat_PowerCAT.Elevation","identifierType":"LogicalName","capabilities":{"pcfExternalServiceUsageAllowed":false}},{"componentName":"CustomControl","identifier":"cat_PowerCAT.Pivot","identifierType":"LogicalName","capabilities":{"pcfExternalServiceUsageAllowed":false}},{"componentName":"CustomControl","identifier":"cat_PowerCAT.Spinner","identifierType":"LogicalName","capabilities":{"pcfExternalServiceUsageAllowed":false}},{"componentName":"CustomControl","identifier":"cat_PowerCAT.Elevation","identifierType":"LogicalName","capabilities":{"pcfExternalServiceUsageAllowed":false}},{"componentName":"CustomControl","identifier":"cat_PowerCAT.Pivot","identifierType":"LogicalName","capabilities":{"pcfExternalServiceUsageAllowed":false}},{"componentName":"CustomControl","identifier":"cat_PowerCAT.Elevation","identifierType":"LogicalName","capabilities":{"pcfExternalServiceUsageAllowed":false}},{"componentName":"CustomControl","identifier":"cat_PowerCAT.Pivot","identifierType":"LogicalName","capabilities":{"pcfExternalServiceUsageAllowed":false}},{"componentName":"CustomControl","identifier":"cat_PowerCAT.ProgressIndicator","identifierType":"LogicalName","capabilities":{"pcfExternalServiceUsageAllowed":false}},{"componentName":"CustomControl","identifier":"cat_PowerCAT.Elevation","identifierType":"LogicalName","capabilities":{"pcfExternalServiceUsageAllowed":false}},{"componentName":"CustomControl","identifier":"cat_PowerCAT.Pivot","identifierType":"LogicalName","capabilities":{"pcfExternalServiceUsageAllowed":false}}]}}</DatabaseReferences>
      <AppComponents>[]</AppComponents>
      <AppComponentDependencies>[{"appComponentName":"44e7951b1fad4ad98126f8c108dd1e9f","appName":"28694d00-d64e-408a-b310-7108215835bd","appComponentLibraryName":"81e5e6a9-c44c-4745-94af-8b1fdb4ee232","appComponentLibraryVersion":"2022-08-26T06:49:38Z","appComponentLibraryLogicalName":"cat_powercatcomponentlibrary_0be3a","environmentName":"439a778f-f966-4fad-b85c-706b1c34dcfa"},{"appComponentName":"2e88179d732a402184a767c94eab038b","appName":"28694d00-d64e-408a-b310-7108215835bd","appComponentLibraryName":"81e5e6a9-c44c-4745-94af-8b1fdb4ee232","appComponentLibraryVersion":"2022-08-26T06:49:38Z","appComponentLibraryLogicalName":"cat_powercatcomponentlibrary_0be3a","environmentName":"439a778f-f966-4fad-b85c-706b1c34dcfa"},{"appComponentName":"6da4b2f929d240969e49e05e10e720ce","appName":"28694d00-d64e-408a-b310-7108215835bd","appComponentLibraryName":"81e5e6a9-c44c-4745-94af-8b1fdb4ee232","appComponentLibraryVersion":"2022-08-26T06:49:38Z","appComponentLibraryLogicalName":"cat_powercatcomponentlibrary_0be3a","environmentName":"439a778f-f966-4fad-b85c-706b1c34dcfa"},{"appComponentName":"952d39d80fc84420b772a5058b19d909","appName":"28694d00-d64e-408a-b310-7108215835bd","appComponentLibraryName":"81e5e6a9-c44c-4745-94af-8b1fdb4ee232","appComponentLibraryVersion":"2022-08-26T06:49:38Z","appComponentLibraryLogicalName":"cat_powercatcomponentlibrary_0be3a","environmentName":"439a778f-f966-4fad-b85c-706b1c34dcfa"},{"appComponentName":"599bd02396dc426681a20784c48547f9","appName":"28694d00-d64e-408a-b310-7108215835bd","appComponentLibraryName":"81e5e6a9-c44c-4745-94af-8b1fdb4ee232","appComponentLibraryVersion":"2022-08-26T06:49:38Z","appComponentLibraryLogicalName":"cat_powercatcomponentlibrary_0be3a","environmentName":"439a778f-f966-4fad-b85c-706b1c34dcfa"}]</AppComponentDependencies>
      <CanConsumeAppPass>1</CanConsumeAppPass>
      <CanvasAppType>0</CanvasAppType>
      <BypassConsent>0</BypassConsent>
      <AdminControlBypassConsent>0</AdminControlBypassConsent>
      <EmbeddedApp xsi:nil="true"></EmbeddedApp>
      <IntroducedVersion>1.0</IntroducedVersion>
      <CdsDependencies>{"cdsdependencies":[{"dependencyid":"","logicalname":"cat_PowerCAT.Pivot","componenttype":66,"componenttypeplatformname":"CustomControl"},{"dependencyid":"","logicalname":"cat_PowerCAT.Pivot","componenttype":66,"componenttypeplatformname":"CustomControl"},{"dependencyid":"","logicalname":"cat_PowerCAT.CommandBar","componenttype":66,"componenttypeplatformname":"CustomControl"},{"dependencyid":"","logicalname":"cat_PowerCAT.Pivot","componenttype":66,"componenttypeplatformname":"CustomControl"},{"dependencyid":"","logicalname":"cat_PowerCAT.ResizableTextarea","componenttype":66,"componenttypeplatformname":"CustomControl"},{"dependencyid":"","logicalname":"cat_PowerCAT.Pivot","componenttype":66,"componenttypeplatformname":"CustomControl"},{"dependencyid":"","logicalname":"cat_PowerCAT.CommandBar","componenttype":66,"componenttypeplatformname":"CustomControl"},{"dependencyid":"","logicalname":"cat_PowerCAT.Pivot","componenttype":66,"componenttypeplatformname":"CustomControl"},{"dependencyid":"","logicalname":"cat_PowerCAT.ResizableTextarea","componenttype":66,"componenttypeplatformname":"CustomControl"},{"dependencyid":"","logicalname":"cat_PowerCAT.ResizableTextarea","componenttype":66,"componenttypeplatformname":"CustomControl"},{"dependencyid":"","logicalname":"cat_PowerCAT.Pivot","componenttype":66,"componenttypeplatformname":"CustomControl"},{"dependencyid":"","logicalname":"cat_PowerCAT.AutoWidthLabel","componenttype":66,"componenttypeplatformname":"CustomControl"},{"dependencyid":"","logicalname":"cat_PowerCAT.Icon","componenttype":66,"componenttypeplatformname":"CustomControl"},{"dependencyid":"","logicalname":"cat_PowerCAT.Pivot","componenttype":66,"componenttypeplatformname":"CustomControl"},{"dependencyid":"","logicalname":"cat_PowerCAT.Icon","componenttype":66,"componenttypeplatformname":"CustomControl"},{"dependencyid":"","logicalname":"cat_PowerCAT.Icon","componenttype":66,"componenttypeplatformname":"CustomControl"},{"dependencyid":"","logicalname":"cat_PowerCAT.Icon","componenttype":66,"componenttypeplatformname":"CustomControl"},{"dependencyid":"","logicalname":"cat_PowerCAT.FluentDetailsList","componenttype":66,"componenttypeplatformname":"CustomControl"},{"dependencyid":"","logicalname":"cat_PowerCAT.Pivot","componenttype":66,"componenttypeplatformname":"CustomControl"},{"dependencyid":"","logicalname":"cat_PowerCAT.Icon","componenttype":66,"componenttypeplatformname":"CustomControl"},{"dependencyid":"","logicalname":"cat_PowerCAT.Icon","componenttype":66,"componenttypeplatformname":"CustomControl"},{"dependencyid":"","logicalname":"cat_PowerCAT.Icon","componenttype":66,"componenttypeplatformname":"CustomControl"},{"dependencyid":"","logicalname":"cat_PowerCAT.Icon","componenttype":66,"componenttypeplatformname":"CustomControl"},{"dependencyid":"","logicalname":"cat_PowerCAT.Pivot","componenttype":66,"componenttypeplatformname":"CustomControl"},{"dependencyid":"","logicalname":"cat_PowerCAT.Nav","componenttype":66,"componenttypeplatformname":"CustomControl"},{"dependencyid":"","logicalname":"cat_PowerCAT.Pivot","componenttype":66,"componenttypeplatformname":"CustomControl"},{"dependencyid":"","logicalname":"cat_PowerCAT.ContextMenu","componenttype":66,"componenttypeplatformname":"CustomControl"},{"dependencyid":"","logicalname":"cat_PowerCAT.ContextMenu","componenttype":66,"componenttypeplatformname":"CustomControl"},{"dependencyid":"","logicalname":"cat_PowerCAT.Pivot","componenttype":66,"componenttypeplatformname":"CustomControl"},{"dependencyid":"","logicalname":"cat_PowerCAT.CommandBar","componenttype":66,"componenttypeplatformname":"CustomControl"},{"dependencyid":"","logicalname":"cat_PowerCAT.Pivot","componenttype":66,"componenttypeplatformname":"CustomControl"},{"dependencyid":"","logicalname":"cat_PowerCAT.Elevation","componenttype":66,"componenttypeplatformname":"CustomControl"},{"dependencyid":"","logicalname":"cat_PowerCAT.Pivot","componenttype":66,"componenttypeplatformname":"CustomControl"},{"dependencyid":"","logicalname":"cat_PowerCAT.Elevation","componenttype":66,"componenttypeplatformname":"CustomControl"},{"dependencyid":"","logicalname":"cat_PowerCAT.Icon","componenttype":66,"componenttypeplatformname":"CustomControl"},{"dependencyid":"","logicalname":"cat_PowerCAT.Elevation","componenttype":66,"componenttypeplatformname":"CustomControl"},{"dependencyid":"","logicalname":"cat_PowerCAT.AutoWidthLabel","componenttype":66,"componenttypeplatformname":"CustomControl"},{"dependencyid":"","logicalname":"cat_PowerCAT.Pivot","componenttype":66,"componenttypeplatformname":"CustomControl"},{"dependencyid":"","logicalname":"cat_PowerCAT.Elevation","componenttype":66,"componenttypeplatformname":"CustomControl"},{"dependencyid":"","logicalname":"cat_PowerCAT.CommandBar","componenttype":66,"componenttypeplatformname":"CustomControl"},{"dependencyid":"","logicalname":"cat_PowerCAT.Pivot","componenttype":66,"componenttypeplatformname":"CustomControl"},{"dependencyid":"","logicalname":"cat_PowerCAT.Icon","componenttype":66,"componenttypeplatformname":"CustomControl"},{"dependencyid":"","logicalname":"cat_PowerCAT.FluentDetailsList","componenttype":66,"componenttypeplatformname":"CustomControl"},{"dependencyid":"","logicalname":"cat_PowerCAT.Pivot","componenttype":66,"componenttypeplatformname":"CustomControl"},{"dependencyid":"","logicalname":"cat_PowerCAT.CommandBar","componenttype":66,"componenttypeplatformname":"CustomControl"},{"dependencyid":"","logicalname":"cat_PowerCAT.Pivot","componenttype":66,"componenttypeplatformname":"CustomControl"},{"dependencyid":"","logicalname":"cat_PowerCAT.Elevation","componenttype":66,"componenttypeplatformname":"CustomControl"},{"dependencyid":"","logicalname":"cat_PowerCAT.Picker","componenttype":66,"componenttypeplatformname":"CustomControl"},{"dependencyid":"","logicalname":"cat_PowerCAT.CommandBar","componenttype":66,"componenttypeplatformname":"CustomControl"},{"dependencyid":"","logicalname":"cat_PowerCAT.FluentDetailsList","componenttype":66,"componenttypeplatformname":"CustomControl"},{"dependencyid":"","logicalname":"cat_PowerCAT.Elevation","componenttype":66,"componenttypeplatformname":"CustomControl"},{"dependencyid":"","logicalname":"cat_PowerCAT.Pivot","componenttype":66,"componenttypeplatformname":"CustomControl"},{"dependencyid":"","logicalname":"cat_PowerCAT.Icon","componenttype":66,"componenttypeplatformname":"CustomControl"},{"dependencyid":"","logicalname":"cat_PowerCAT.Picker","componenttype":66,"componenttypeplatformname":"CustomControl"},{"dependencyid":"","logicalname":"cat_PowerCAT.Elevation","componenttype":66,"componenttypeplatformname":"CustomControl"},{"dependencyid":"","logicalname":"cat_PowerCAT.Icon","componenttype":66,"componenttypeplatformname":"CustomControl"},{"dependencyid":"","logicalname":"cat_PowerCAT.Icon","componenttype":66,"componenttypeplatformname":"CustomControl"},{"dependencyid":"","logicalname":"cat_PowerCAT.Pivot","componenttype":66,"componenttypeplatformname":"CustomControl"},{"dependencyid":"","logicalname":"cat_PowerCAT.Elevation","componenttype":66,"componenttypeplatformname":"CustomControl"},{"dependencyid":"","logicalname":"cat_PowerCAT.TagList","componenttype":66,"componenttypeplatformname":"CustomControl"},{"dependencyid":"","logicalname":"cat_PowerCAT.Pivot","componenttype":66,"componenttypeplatformname":"CustomControl"},{"dependencyid":"","logicalname":"cat_PowerCAT.Elevation","componenttype":66,"componenttypeplatformname":"CustomControl"},{"dependencyid":"","logicalname":"cat_PowerCAT.TagList","componenttype":66,"componenttypeplatformname":"CustomControl"},{"dependencyid":"","logicalname":"cat_PowerCAT.Pivot","componenttype":66,"componenttypeplatformname":"CustomControl"},{"dependencyid":"","logicalname":"cat_PowerCAT.Elevation","componenttype":66,"componenttypeplatformname":"CustomControl"},{"dependencyid":"","logicalname":"cat_PowerCAT.FluentDetailsList","componenttype":66,"componenttypeplatformname":"CustomControl"},{"dependencyid":"","logicalname":"cat_PowerCAT.Pivot","componenttype":66,"componenttypeplatformname":"CustomControl"},{"dependencyid":"","logicalname":"cat_PowerCAT.Elevation","componenttype":66,"componenttypeplatformname":"CustomControl"},{"dependencyid":"","logicalname":"cat_PowerCAT.FluentDetailsList","componenttype":66,"componenttypeplatformname":"CustomControl"},{"dependencyid":"","logicalname":"cat_PowerCAT.Pivot","componenttype":66,"componenttypeplatformname":"CustomControl"},{"dependencyid":"","logicalname":"cat_PowerCAT.Elevation","componenttype":66,"componenttypeplatformname":"CustomControl"},{"dependencyid":"","logicalname":"cat_PowerCAT.FluentDetailsList","componenttype":66,"componenttypeplatformname":"CustomControl"},{"dependencyid":"","logicalname":"cat_PowerCAT.Pivot","componenttype":66,"componenttypeplatformname":"CustomControl"},{"dependencyid":"","logicalname":"cat_PowerCAT.Elevation","componenttype":66,"componenttypeplatformname":"CustomControl"},{"dependencyid":"","logicalname":"cat_PowerCAT.CommandBar","componenttype":66,"componenttypeplatformname":"CustomControl"},{"dependencyid":"","logicalname":"cat_PowerCAT.Icon","componenttype":66,"componenttypeplatformname":"CustomControl"},{"dependencyid":"","logicalname":"cat_PowerCAT.FluentDetailsList","componenttype":66,"componenttypeplatformname":"CustomControl"},{"dependencyid":"","logicalname":"cat_PowerCAT.Icon","componenttype":66,"componenttypeplatformname":"CustomControl"},{"dependencyid":"","logicalname":"cat_PowerCAT.Icon","componenttype":66,"componenttypeplatformname":"CustomControl"},{"dependencyid":"","logicalname":"cat_PowerCAT.Icon","componenttype":66,"componenttypeplatformname":"CustomControl"},{"dependencyid":"","logicalname":"cat_PowerCAT.Pivot","componenttype":66,"componenttypeplatformname":"CustomControl"},{"dependencyid":"","logicalname":"cat_PowerCAT.Breadcrumb","componenttype":66,"componenttypeplatformname":"CustomControl"},{"dependencyid":"","logicalname":"cat_PowerCAT.Pivot","componenttype":66,"componenttypeplatformname":"CustomControl"},{"dependencyid":"","logicalname":"cat_PowerCAT.ResizableTextarea","componenttype":66,"componenttypeplatformname":"CustomControl"},{"dependencyid":"","logicalname":"cat_PowerCAT.KeyboardShortcuts","componenttype":66,"componenttypeplatformname":"CustomControl"},{"dependencyid":"","logicalname":"cat_PowerCAT.ResizableTextarea","componenttype":66,"componenttypeplatformname":"CustomControl"},{"dependencyid":"","logicalname":"cat_PowerCAT.ResizableTextarea","componenttype":66,"componenttypeplatformname":"CustomControl"},{"dependencyid":"","logicalname":"cat_PowerCAT.Nav","componenttype":66,"componenttypeplatformname":"CustomControl"},{"dependencyid":"","logicalname":"cat_PowerCAT.Elevation","componenttype":66,"componenttypeplatformname":"CustomControl"},{"dependencyid":"","logicalname":"cat_PowerCAT.Pivot","componenttype":66,"componenttypeplatformname":"CustomControl"},{"dependencyid":"","logicalname":"cat_PowerCAT.Pivot","componenttype":66,"componenttypeplatformname":"CustomControl"},{"dependencyid":"","logicalname":"cat_PowerCAT.Pivot","componenttype":66,"componenttypeplatformname":"CustomControl"},{"dependencyid":"","logicalname":"cat_PowerCAT.Pivot","componenttype":66,"componenttypeplatformname":"CustomControl"},{"dependencyid":"","logicalname":"cat_PowerCAT.Pivot","componenttype":66,"componenttypeplatformname":"CustomControl"},{"dependencyid":"","logicalname":"cat_PowerCAT.Elevation","componenttype":66,"componenttypeplatformname":"CustomControl"},{"dependencyid":"","logicalname":"cat_PowerCAT.FluentDetailsList","componenttype":66,"componenttypeplatformname":"CustomControl"},{"dependencyid":"","logicalname":"cat_PowerCAT.Elevation","componenttype":66,"componenttypeplatformname":"CustomControl"},{"dependencyid":"","logicalname":"cat_PowerCAT.Pivot","componenttype":66,"componenttypeplatformname":"CustomControl"},{"dependencyid":"","logicalname":"cat_PowerCAT.Elevation","componenttype":66,"componenttypeplatformname":"CustomControl"},{"dependencyid":"","logicalname":"cat_PowerCAT.Nav","componenttype":66,"componenttypeplatformname":"CustomControl"},{"dependencyid":"","logicalname":"cat_PowerCAT.AutoWidthLabel","componenttype":66,"componenttypeplatformname":"CustomControl"},{"dependencyid":"","logicalname":"cat_PowerCAT.Nav","componenttype":66,"componenttypeplatformname":"CustomControl"},{"dependencyid":"","logicalname":"cat_PowerCAT.TagList","componenttype":66,"componenttypeplatformname":"CustomControl"},{"dependencyid":"","logicalname":"cat_PowerCAT.ResizableTextarea","componenttype":66,"componenttypeplatformname":"CustomControl"},{"dependencyid":"","logicalname":"cat_PowerCAT.CommandBar","componenttype":66,"componenttypeplatformname":"CustomControl"},{"dependencyid":"","logicalname":"cat_PowerCAT.ContextMenu","componenttype":66,"componenttypeplatformname":"CustomControl"},{"dependencyid":"","logicalname":"cat_PowerCAT.FluentDetailsList","componenttype":66,"componenttypeplatformname":"CustomControl"},{"dependencyid":"","logicalname":"cat_PowerCAT.Elevation","componenttype":66,"componenttypeplatformname":"CustomControl"},{"dependencyid":"","logicalname":"cat_PowerCAT.Icon","componenttype":66,"componenttypeplatformname":"CustomControl"},{"dependencyid":"","logicalname":"cat_PowerCAT.KeyboardShortcuts","componenttype":66,"componenttypeplatformname":"CustomControl"},{"dependencyid":"","logicalname":"cat_PowerCAT.Pivot","componenttype":66,"componenttypeplatformname":"CustomControl"},{"dependencyid":"","logicalname":"cat_PowerCAT.Picker","componenttype":66,"componenttypeplatformname":"CustomControl"},{"dependencyid":"","logicalname":"cat_PowerCAT.Elevation","componenttype":66,"componenttypeplatformname":"CustomControl"},{"dependencyid":"","logicalname":"cat_PowerCAT.Elevation","componenttype":66,"componenttypeplatformname":"CustomControl"},{"dependencyid":"","logicalname":"cat_PowerCAT.Elevation","componenttype":66,"componenttypeplatformname":"CustomControl"},{"dependencyid":"","logicalname":"cat_PowerCAT.Elevation","componenttype":66,"componenttypeplatformname":"CustomControl"},{"dependencyid":"","logicalname":"cat_PowerCAT.Elevation","componenttype":66,"componenttypeplatformname":"CustomControl"},{"dependencyid":"","logicalname":"cat_PowerCAT.Elevation","componenttype":66,"componenttypeplatformname":"CustomControl"},{"dependencyid":"","logicalname":"cat_PowerCAT.Elevation","componenttype":66,"componenttypeplatformname":"CustomControl"},{"dependencyid":"","logicalname":"cat_PowerCAT.Elevation","componenttype":66,"componenttypeplatformname":"CustomControl"},{"dependencyid":"","logicalname":"cat_PowerCAT.Elevation","componenttype":66,"componenttypeplatformname":"CustomControl"},{"dependencyid":"","logicalname":"cat_PowerCAT.Elevation","componenttype":66,"componenttypeplatformname":"CustomControl"},{"dependencyid":"","logicalname":"cat_PowerCAT.Elevation","componenttype":66,"componenttypeplatformname":"CustomControl"},{"dependencyid":"","logicalname":"cat_PowerCAT.Elevation","componenttype":66,"componenttypeplatformname":"CustomControl"},{"dependencyid":"","logicalname":"cat_PowerCAT.Elevation","componenttype":66,"componenttypeplatformname":"CustomControl"},{"dependencyid":"","logicalname":"cat_PowerCAT.Elevation","componenttype":66,"componenttypeplatformname":"CustomControl"},{"dependencyid":"","logicalname":"cat_PowerCAT.Elevation","componenttype":66,"componenttypeplatformname":"CustomControl"},{"dependencyid":"","logicalname":"cat_PowerCAT.Pivot","componenttype":66,"componenttypeplatformname":"CustomControl"},{"dependencyid":"","logicalname":"cat_PowerCAT.Spinner","componenttype":66,"componenttypeplatformname":"CustomControl"},{"dependencyid":"","logicalname":"cat_PowerCAT.Elevation","componenttype":66,"componenttypeplatformname":"CustomControl"},{"dependencyid":"","logicalname":"cat_PowerCAT.Pivot","componenttype":66,"componenttypeplatformname":"CustomControl"},{"dependencyid":"","logicalname":"cat_PowerCAT.Elevation","componenttype":66,"componenttypeplatformname":"CustomControl"},{"dependencyid":"","logicalname":"cat_PowerCAT.Pivot","componenttype":66,"componenttypeplatformname":"CustomControl"},{"dependencyid":"","logicalname":"cat_PowerCAT.ProgressIndicator","componenttype":66,"componenttypeplatformname":"CustomControl"},{"dependencyid":"","logicalname":"cat_PowerCAT.Elevation","componenttype":66,"componenttypeplatformname":"CustomControl"},{"dependencyid":"","logicalname":"cat_PowerCAT.Pivot","componenttype":66,"componenttypeplatformname":"CustomControl"},{"logicalname":"cat_powercatcomponentlibrary_0be3a","componenttype":300,"componenttypeplatformname":"CanvasApp"}]}</CdsDependencies>
      <IsCustomizable>1</IsCustomizable>
      <BackgroundImageUri>/CanvasApps/cat_creatorkitcontrolreferenceapp_d66f8_BackgroundImageUri</BackgroundImageUri>
      <DocumentUri>/CanvasApps/cat_creatorkitcontrolreferenceapp_d66f8_DocumentUri.msapp</DocumentUri>
    </CanvasApp>
    <CanvasApp>
      <Name>cat_canvastemplate_f8d10</Name>
      <AppVersion>2022-08-29T22:57:21Z</AppVersion>
      <Status>Ready</Status>
      <CreatedByClientVersion>3.22082.8.0</CreatedByClientVersion>
      <MinClientVersion>3.22082.8.0</MinClientVersion>
      <Tags>{"primaryDeviceWidth":"1920","primaryDeviceHeight":"1080","sienaVersion":"20220825T040829Z-3.22082.8.0","deviceCapabilities":"","supportsPortrait":"false","supportsLandscape":"true","primaryFormFactor":"Tablet","publisherVersion":"3.22082.8","minimumRequiredApiVersion":"2.2.0","hasComponent":"true","hasUnlockedComponent":"false","isUnifiedRootApp":"false"}</Tags>
      <IsCdsUpgraded>0</IsCdsUpgraded>
      <GalleryItemId xsi:nil="true"></GalleryItemId>
      <BackgroundColor>rgba(0, 120, 212, 1)</BackgroundColor>
      <DisplayName>Canvas Template</DisplayName>
      <Description xsi:nil="true"></Description>
      <CommitMessage xsi:nil="true"></CommitMessage>
      <Publisher></Publisher>
      <AuthorizationReferences>[]</AuthorizationReferences>
      <ConnectionReferences>{}</ConnectionReferences>
      <DatabaseReferences>{"default.cds":{"databaseDetails":{"referenceType":"Environmental","environmentName":"default.cds","overrideValues":{"status":"NotSpecified"}},"dataSources":{},"components":[{"componentName":"CustomControl","identifier":"cat_PowerCAT.Shimmer","identifierType":"LogicalName","capabilities":{"pcfExternalServiceUsageAllowed":false}},{"componentName":"CustomControl","identifier":"cat_PowerCAT.Breadcrumb","identifierType":"LogicalName","capabilities":{"pcfExternalServiceUsageAllowed":false}},{"componentName":"CustomControl","identifier":"cat_PowerCAT.ProgressIndicator","identifierType":"LogicalName","capabilities":{"pcfExternalServiceUsageAllowed":false}},{"componentName":"CustomControl","identifier":"cat_PowerCAT.Elevation","identifierType":"LogicalName","capabilities":{"pcfExternalServiceUsageAllowed":false}},{"componentName":"CustomControl","identifier":"cat_PowerCAT.Picker","identifierType":"LogicalName","capabilities":{"pcfExternalServiceUsageAllowed":false}},{"componentName":"CustomControl","identifier":"cat_PowerCAT.Elevation","identifierType":"LogicalName","capabilities":{"pcfExternalServiceUsageAllowed":false}},{"componentName":"CustomControl","identifier":"cat_PowerCAT.Pivot","identifierType":"LogicalName","capabilities":{"pcfExternalServiceUsageAllowed":false}},{"componentName":"CustomControl","identifier":"cat_PowerCAT.Elevation","identifierType":"LogicalName","capabilities":{"pcfExternalServiceUsageAllowed":false}},{"componentName":"CustomControl","identifier":"cat_PowerCAT.CommandBar","identifierType":"LogicalName","capabilities":{"pcfExternalServiceUsageAllowed":false}},{"componentName":"CustomControl","identifier":"cat_PowerCAT.Elevation","identifierType":"LogicalName","capabilities":{"pcfExternalServiceUsageAllowed":false}},{"componentName":"CustomControl","identifier":"cat_PowerCAT.ContextMenu","identifierType":"LogicalName","capabilities":{"pcfExternalServiceUsageAllowed":false}},{"componentName":"CustomControl","identifier":"cat_PowerCAT.Icon","identifierType":"LogicalName","capabilities":{"pcfExternalServiceUsageAllowed":false}},{"componentName":"CustomControl","identifier":"cat_PowerCAT.Shimmer","identifierType":"LogicalName","capabilities":{"pcfExternalServiceUsageAllowed":false}},{"componentName":"CustomControl","identifier":"cat_PowerCAT.Icon","identifierType":"LogicalName","capabilities":{"pcfExternalServiceUsageAllowed":false}},{"componentName":"CustomControl","identifier":"cat_PowerCAT.Nav","identifierType":"LogicalName","capabilities":{"pcfExternalServiceUsageAllowed":false}},{"componentName":"CustomControl","identifier":"cat_PowerCAT.Elevation","identifierType":"LogicalName","capabilities":{"pcfExternalServiceUsageAllowed":false}},{"componentName":"CustomControl","identifier":"cat_PowerCAT.Calendar","identifierType":"LogicalName","capabilities":{"pcfExternalServiceUsageAllowed":false}},{"componentName":"CustomControl","identifier":"cat_PowerCAT.Spinner","identifierType":"LogicalName","capabilities":{"pcfExternalServiceUsageAllowed":false}}]}}</DatabaseReferences>
      <AppComponents>[]</AppComponents>
      <AppComponentDependencies>[{"appComponentName":"44e7951b1fad4ad98126f8c108dd1e9f","appName":"d2df97d8-8243-4901-ae3e-75fbb4a2a644","appComponentLibraryName":"81e5e6a9-c44c-4745-94af-8b1fdb4ee232","appComponentLibraryVersion":"2022-08-26T06:49:38Z","appComponentLibraryLogicalName":"cat_powercatcomponentlibrary_0be3a","environmentName":"439a778f-f966-4fad-b85c-706b1c34dcfa"},{"appComponentName":"45ef3b58cba141ccb72325a8844e9634","appName":"d2df97d8-8243-4901-ae3e-75fbb4a2a644","appComponentLibraryName":"81e5e6a9-c44c-4745-94af-8b1fdb4ee232","appComponentLibraryVersion":"2022-08-26T06:49:38Z","appComponentLibraryLogicalName":"cat_powercatcomponentlibrary_0be3a","environmentName":"439a778f-f966-4fad-b85c-706b1c34dcfa"},{"appComponentName":"2e88179d732a402184a767c94eab038b","appName":"d2df97d8-8243-4901-ae3e-75fbb4a2a644","appComponentLibraryName":"81e5e6a9-c44c-4745-94af-8b1fdb4ee232","appComponentLibraryVersion":"2022-08-26T06:49:38Z","appComponentLibraryLogicalName":"cat_powercatcomponentlibrary_0be3a","environmentName":"439a778f-f966-4fad-b85c-706b1c34dcfa"},{"appComponentName":"599bd02396dc426681a20784c48547f9","appName":"d2df97d8-8243-4901-ae3e-75fbb4a2a644","appComponentLibraryName":"81e5e6a9-c44c-4745-94af-8b1fdb4ee232","appComponentLibraryVersion":"2022-08-26T06:49:38Z","appComponentLibraryLogicalName":"cat_powercatcomponentlibrary_0be3a","environmentName":"439a778f-f966-4fad-b85c-706b1c34dcfa"},{"appComponentName":"6da4b2f929d240969e49e05e10e720ce","appName":"d2df97d8-8243-4901-ae3e-75fbb4a2a644","appComponentLibraryName":"81e5e6a9-c44c-4745-94af-8b1fdb4ee232","appComponentLibraryVersion":"2022-08-26T06:49:38Z","appComponentLibraryLogicalName":"cat_powercatcomponentlibrary_0be3a","environmentName":"439a778f-f966-4fad-b85c-706b1c34dcfa"},{"appComponentName":"952d39d80fc84420b772a5058b19d909","appName":"d2df97d8-8243-4901-ae3e-75fbb4a2a644","appComponentLibraryName":"81e5e6a9-c44c-4745-94af-8b1fdb4ee232","appComponentLibraryVersion":"2022-08-26T06:49:38Z","appComponentLibraryLogicalName":"cat_powercatcomponentlibrary_0be3a","environmentName":"439a778f-f966-4fad-b85c-706b1c34dcfa"}]</AppComponentDependencies>
      <CanConsumeAppPass>1</CanConsumeAppPass>
      <CanvasAppType>0</CanvasAppType>
      <BypassConsent>0</BypassConsent>
      <AdminControlBypassConsent>0</AdminControlBypassConsent>
      <EmbeddedApp xsi:nil="true"></EmbeddedApp>
      <IntroducedVersion>1.0</IntroducedVersion>
      <CdsDependencies>{"cdsdependencies":[{"dependencyid":"","logicalname":"cat_PowerCAT.Shimmer","componenttype":66,"componenttypeplatformname":"CustomControl"},{"dependencyid":"","logicalname":"cat_PowerCAT.Breadcrumb","componenttype":66,"componenttypeplatformname":"CustomControl"},{"dependencyid":"","logicalname":"cat_PowerCAT.ProgressIndicator","componenttype":66,"componenttypeplatformname":"CustomControl"},{"dependencyid":"","logicalname":"cat_PowerCAT.Elevation","componenttype":66,"componenttypeplatformname":"CustomControl"},{"dependencyid":"","logicalname":"cat_PowerCAT.Picker","componenttype":66,"componenttypeplatformname":"CustomControl"},{"dependencyid":"","logicalname":"cat_PowerCAT.Elevation","componenttype":66,"componenttypeplatformname":"CustomControl"},{"dependencyid":"","logicalname":"cat_PowerCAT.Pivot","componenttype":66,"componenttypeplatformname":"CustomControl"},{"dependencyid":"","logicalname":"cat_PowerCAT.Elevation","componenttype":66,"componenttypeplatformname":"CustomControl"},{"dependencyid":"","logicalname":"cat_PowerCAT.CommandBar","componenttype":66,"componenttypeplatformname":"CustomControl"},{"dependencyid":"","logicalname":"cat_PowerCAT.Elevation","componenttype":66,"componenttypeplatformname":"CustomControl"},{"dependencyid":"","logicalname":"cat_PowerCAT.ContextMenu","componenttype":66,"componenttypeplatformname":"CustomControl"},{"dependencyid":"","logicalname":"cat_PowerCAT.Icon","componenttype":66,"componenttypeplatformname":"CustomControl"},{"dependencyid":"","logicalname":"cat_PowerCAT.Shimmer","componenttype":66,"componenttypeplatformname":"CustomControl"},{"dependencyid":"","logicalname":"cat_PowerCAT.Icon","componenttype":66,"componenttypeplatformname":"CustomControl"},{"dependencyid":"","logicalname":"cat_PowerCAT.Nav","componenttype":66,"componenttypeplatformname":"CustomControl"},{"dependencyid":"","logicalname":"cat_PowerCAT.Elevation","componenttype":66,"componenttypeplatformname":"CustomControl"},{"dependencyid":"","logicalname":"cat_PowerCAT.Calendar","componenttype":66,"componenttypeplatformname":"CustomControl"},{"dependencyid":"","logicalname":"cat_PowerCAT.Spinner","componenttype":66,"componenttypeplatformname":"CustomControl"},{"logicalname":"cat_powercatcomponentlibrary_0be3a","componenttype":300,"componenttypeplatformname":"CanvasApp"}]}</CdsDependencies>
      <IsCustomizable>1</IsCustomizable>
      <BackgroundImageUri>/CanvasApps/cat_canvastemplate_f8d10_BackgroundImageUri</BackgroundImageUri>
      <DocumentUri>/CanvasApps/cat_canvastemplate_f8d10_DocumentUri.msapp</DocumentUri>
    </CanvasApp>
  </CanvasApps>
  <Languages>
    <Language>1033</Language>
  </Languages>
</ImportExportXml>