<ImportExportXml version="9.2.22074.168" SolutionPackageVersion="9.2" languagecode="1033" generatedBy="CrmLive" xmlns:xsi="http://www.w3.org/2001/XMLSchema-instance">
  <SolutionManifest>
    <UniqueName>CreatorKitReferencesCanvas</UniqueName>
    <LocalizedNames>
      <LocalizedName description="CreatorKitReferences (Canvas)" languagecode="1033" />
    </LocalizedNames>
    <Descriptions />
    <Version>1.0.20220831.1</Version>
    <Managed>0</Managed>
    <Publisher>
      <UniqueName>PowerCat</UniqueName>
      <LocalizedNames>
        <LocalizedName description="PowerCAT" languagecode="1033" />
      </LocalizedNames>
      <Descriptions>
        <Description description="PowerCAT" languagecode="1033" />
      </Descriptions>
      <EMailAddress xsi:nil="true"></EMailAddress>
      <SupportingWebsiteUrl xsi:nil="true"></SupportingWebsiteUrl>
      <CustomizationPrefix>cat</CustomizationPrefix>
      <CustomizationOptionValuePrefix>69510</CustomizationOptionValuePrefix>
      <Addresses>
        <Address>
          <AddressNumber>1</AddressNumber>
          <AddressTypeCode>1</AddressTypeCode>
          <City xsi:nil="true"></City>
          <County xsi:nil="true"></County>
          <Country xsi:nil="true"></Country>
          <Fax xsi:nil="true"></Fax>
          <FreightTermsCode xsi:nil="true"></FreightTermsCode>
          <ImportSequenceNumber xsi:nil="true"></ImportSequenceNumber>
          <Latitude xsi:nil="true"></Latitude>
          <Line1 xsi:nil="true"></Line1>
          <Line2 xsi:nil="true"></Line2>
          <Line3 xsi:nil="true"></Line3>
          <Longitude xsi:nil="true"></Longitude>
          <Name xsi:nil="true"></Name>
          <PostalCode xsi:nil="true"></PostalCode>
          <PostOfficeBox xsi:nil="true"></PostOfficeBox>
          <PrimaryContactName xsi:nil="true"></PrimaryContactName>
          <ShippingMethodCode>1</ShippingMethodCode>
          <StateOrProvince xsi:nil="true"></StateOrProvince>
          <Telephone1 xsi:nil="true"></Telephone1>
          <Telephone2 xsi:nil="true"></Telephone2>
          <Telephone3 xsi:nil="true"></Telephone3>
          <TimeZoneRuleVersionNumber xsi:nil="true"></TimeZoneRuleVersionNumber>
          <UPSZone xsi:nil="true"></UPSZone>
          <UTCOffset xsi:nil="true"></UTCOffset>
          <UTCConversionTimeZoneCode xsi:nil="true"></UTCConversionTimeZoneCode>
        </Address>
        <Address>
          <AddressNumber>2</AddressNumber>
          <AddressTypeCode>1</AddressTypeCode>
          <City xsi:nil="true"></City>
          <County xsi:nil="true"></County>
          <Country xsi:nil="true"></Country>
          <Fax xsi:nil="true"></Fax>
          <FreightTermsCode xsi:nil="true"></FreightTermsCode>
          <ImportSequenceNumber xsi:nil="true"></ImportSequenceNumber>
          <Latitude xsi:nil="true"></Latitude>
          <Line1 xsi:nil="true"></Line1>
          <Line2 xsi:nil="true"></Line2>
          <Line3 xsi:nil="true"></Line3>
          <Longitude xsi:nil="true"></Longitude>
          <Name xsi:nil="true"></Name>
          <PostalCode xsi:nil="true"></PostalCode>
          <PostOfficeBox xsi:nil="true"></PostOfficeBox>
          <PrimaryContactName xsi:nil="true"></PrimaryContactName>
          <ShippingMethodCode>1</ShippingMethodCode>
          <StateOrProvince xsi:nil="true"></StateOrProvince>
          <Telephone1 xsi:nil="true"></Telephone1>
          <Telephone2 xsi:nil="true"></Telephone2>
          <Telephone3 xsi:nil="true"></Telephone3>
          <TimeZoneRuleVersionNumber xsi:nil="true"></TimeZoneRuleVersionNumber>
          <UPSZone xsi:nil="true"></UPSZone>
          <UTCOffset xsi:nil="true"></UTCOffset>
          <UTCConversionTimeZoneCode xsi:nil="true"></UTCConversionTimeZoneCode>
        </Address>
      </Addresses>
    </Publisher>
    <RootComponents>
      <RootComponent type="300" schemaName="cat_canvastemplate_f8d10" behavior="0" />
      <RootComponent type="300" schemaName="cat_creatorkitcontrolreferenceapp_d66f8" behavior="0" />
      <RootComponent type="300" schemaName="cat_fluentthemedesigner_00e67" behavior="0" />
    </RootComponents>
    <MissingDependencies>
      <MissingDependency>
        <Required type="300" schemaName="cat_powercatcomponentlibrary_0be3a" displayName="Power CAT Component Library" solution="Active" />
        <Dependent type="300" schemaName="cat_canvastemplate_f8d10" displayName="Canvas Template" />
      </MissingDependency>
      <MissingDependency>
        <Required type="300" schemaName="cat_powercatcomponentlibrary_0be3a" displayName="Power CAT Component Library" solution="Active" />
        <Dependent type="300" schemaName="cat_creatorkitcontrolreferenceapp_d66f8" displayName="Creator Kit Reference App" />
      </MissingDependency>
      <MissingDependency>
        <Required type="300" schemaName="cat_powercatcomponentlibrary_0be3a" displayName="Power CAT Component Library" solution="Active" />
        <Dependent type="300" schemaName="cat_fluentthemedesigner_00e67" displayName="Fluent Theme Designer" />
      </MissingDependency>
      <MissingDependency>
        <Required type="66" schemaName="cat_PowerCAT.AutoWidthLabel" displayName="cat_PowerCAT.AutoWidthLabel" solution="Active" />
        <Dependent type="300" schemaName="cat_creatorkitcontrolreferenceapp_d66f8" displayName="Creator Kit Reference App" />
      </MissingDependency>
      <MissingDependency>
        <Required type="66" schemaName="cat_PowerCAT.Breadcrumb" displayName="cat_PowerCAT.Breadcrumb" solution="Active" />
        <Dependent type="300" schemaName="cat_canvastemplate_f8d10" displayName="Canvas Template" />
      </MissingDependency>
      <MissingDependency>
        <Required type="66" schemaName="cat_PowerCAT.Breadcrumb" displayName="cat_PowerCAT.Breadcrumb" solution="Active" />
        <Dependent type="300" schemaName="cat_creatorkitcontrolreferenceapp_d66f8" displayName="Creator Kit Reference App" />
      </MissingDependency>
      <MissingDependency>
        <Required type="66" schemaName="cat_PowerCAT.Calendar" displayName="cat_PowerCAT.Calendar" solution="Active" />
        <Dependent type="300" schemaName="cat_canvastemplate_f8d10" displayName="Canvas Template" />
      </MissingDependency>
      <MissingDependency>
        <Required type="66" schemaName="cat_PowerCAT.CommandBar" displayName="cat_PowerCAT.CommandBar" solution="Active" />
        <Dependent type="300" schemaName="cat_canvastemplate_f8d10" displayName="Canvas Template" />
      </MissingDependency>
      <MissingDependency>
        <Required type="66" schemaName="cat_PowerCAT.CommandBar" displayName="cat_PowerCAT.CommandBar" solution="Active" />
        <Dependent type="300" schemaName="cat_creatorkitcontrolreferenceapp_d66f8" displayName="Creator Kit Reference App" />
      </MissingDependency>
      <MissingDependency>
        <Required type="66" schemaName="cat_PowerCAT.ContextMenu" displayName="cat_PowerCAT.ContextMenu" solution="Active" />
        <Dependent type="300" schemaName="cat_canvastemplate_f8d10" displayName="Canvas Template" />
      </MissingDependency>
      <MissingDependency>
        <Required type="66" schemaName="cat_PowerCAT.ContextMenu" displayName="cat_PowerCAT.ContextMenu" solution="Active" />
        <Dependent type="300" schemaName="cat_creatorkitcontrolreferenceapp_d66f8" displayName="Creator Kit Reference App" />
      </MissingDependency>
      <MissingDependency>
        <Required type="66" schemaName="cat_PowerCAT.Elevation" displayName="cat_PowerCAT.Elevation" solution="Active" />
        <Dependent type="300" schemaName="cat_canvastemplate_f8d10" displayName="Canvas Template" />
      </MissingDependency>
      <MissingDependency>
        <Required type="66" schemaName="cat_PowerCAT.Elevation" displayName="cat_PowerCAT.Elevation" solution="Active" />
        <Dependent type="300" schemaName="cat_creatorkitcontrolreferenceapp_d66f8" displayName="Creator Kit Reference App" />
      </MissingDependency>
      <MissingDependency>
        <Required type="66" schemaName="cat_PowerCAT.FluentDetailsList" displayName="cat_PowerCAT.FluentDetailsList" solution="Active" />
        <Dependent type="300" schemaName="cat_creatorkitcontrolreferenceapp_d66f8" displayName="Creator Kit Reference App" />
      </MissingDependency>
      <MissingDependency>
        <Required type="66" schemaName="cat_PowerCAT.Icon" displayName="cat_PowerCAT.Icon" solution="Active" />
        <Dependent type="300" schemaName="cat_canvastemplate_f8d10" displayName="Canvas Template" />
      </MissingDependency>
      <MissingDependency>
        <Required type="66" schemaName="cat_PowerCAT.Icon" displayName="cat_PowerCAT.Icon" solution="Active" />
        <Dependent type="300" schemaName="cat_creatorkitcontrolreferenceapp_d66f8" displayName="Creator Kit Reference App" />
      </MissingDependency>
      <MissingDependency>
        <Required type="66" schemaName="cat_PowerCAT.KeyboardShortcuts" displayName="cat_PowerCAT.KeyboardShortcuts" solution="Active" />
        <Dependent type="300" schemaName="cat_creatorkitcontrolreferenceapp_d66f8" displayName="Creator Kit Reference App" />
      </MissingDependency>
      <MissingDependency>
        <Required type="66" schemaName="cat_PowerCAT.Nav" displayName="cat_PowerCAT.Nav" solution="Active" />
        <Dependent type="300" schemaName="cat_canvastemplate_f8d10" displayName="Canvas Template" />
      </MissingDependency>
      <MissingDependency>
        <Required type="66" schemaName="cat_PowerCAT.Nav" displayName="cat_PowerCAT.Nav" solution="Active" />
        <Dependent type="300" schemaName="cat_creatorkitcontrolreferenceapp_d66f8" displayName="Creator Kit Reference App" />
      </MissingDependency>
      <MissingDependency>
        <Required type="66" schemaName="cat_PowerCAT.Picker" displayName="cat_PowerCAT.Picker" solution="Active" />
        <Dependent type="300" schemaName="cat_canvastemplate_f8d10" displayName="Canvas Template" />
      </MissingDependency>
      <MissingDependency>
        <Required type="66" schemaName="cat_PowerCAT.Picker" displayName="cat_PowerCAT.Picker" solution="Active" />
        <Dependent type="300" schemaName="cat_creatorkitcontrolreferenceapp_d66f8" displayName="Creator Kit Reference App" />
      </MissingDependency>
      <MissingDependency>
        <Required type="66" schemaName="cat_PowerCAT.Pivot" displayName="cat_PowerCAT.Pivot" solution="Active" />
        <Dependent type="300" schemaName="cat_canvastemplate_f8d10" displayName="Canvas Template" />
      </MissingDependency>
      <MissingDependency>
        <Required type="66" schemaName="cat_PowerCAT.Pivot" displayName="cat_PowerCAT.Pivot" solution="Active" />
        <Dependent type="300" schemaName="cat_creatorkitcontrolreferenceapp_d66f8" displayName="Creator Kit Reference App" />
      </MissingDependency>
      <MissingDependency>
        <Required type="66" schemaName="cat_PowerCAT.ProgressIndicator" displayName="cat_PowerCAT.ProgressIndicator" solution="Active" />
        <Dependent type="300" schemaName="cat_canvastemplate_f8d10" displayName="Canvas Template" />
      </MissingDependency>
      <MissingDependency>
        <Required type="66" schemaName="cat_PowerCAT.ProgressIndicator" displayName="cat_PowerCAT.ProgressIndicator" solution="Active" />
        <Dependent type="300" schemaName="cat_creatorkitcontrolreferenceapp_d66f8" displayName="Creator Kit Reference App" />
      </MissingDependency>
      <MissingDependency>
        <Required type="66" schemaName="cat_PowerCAT.ResizableTextarea" displayName="cat_PowerCAT.ResizableTextarea" solution="Active" />
        <Dependent type="300" schemaName="cat_creatorkitcontrolreferenceapp_d66f8" displayName="Creator Kit Reference App" />
      </MissingDependency>
      <MissingDependency>
        <Required type="66" schemaName="cat_PowerCAT.Shimmer" displayName="cat_PowerCAT.Shimmer" solution="Active" />
        <Dependent type="300" schemaName="cat_canvastemplate_f8d10" displayName="Canvas Template" />
      </MissingDependency>
      <MissingDependency>
        <Required type="66" schemaName="cat_PowerCAT.Spinner" displayName="cat_PowerCAT.Spinner" solution="Active" />
        <Dependent type="300" schemaName="cat_canvastemplate_f8d10" displayName="Canvas Template" />
      </MissingDependency>
      <MissingDependency>
        <Required type="66" schemaName="cat_PowerCAT.Spinner" displayName="cat_PowerCAT.Spinner" solution="Active" />
        <Dependent type="300" schemaName="cat_creatorkitcontrolreferenceapp_d66f8" displayName="Creator Kit Reference App" />
      </MissingDependency>
      <MissingDependency>
        <Required type="66" schemaName="cat_PowerCAT.TagList" displayName="cat_PowerCAT.TagList" solution="Active" />
        <Dependent type="300" schemaName="cat_creatorkitcontrolreferenceapp_d66f8" displayName="Creator Kit Reference App" />
      </MissingDependency>
      <MissingDependency>
        <Required type="66" schemaName="cat_PowerCAT.ThemeDesigner" displayName="cat_PowerCAT.ThemeDesigner" solution="Active" />
        <Dependent type="300" schemaName="cat_fluentthemedesigner_00e67" displayName="Fluent Theme Designer" />
      </MissingDependency>
    </MissingDependencies>
  </SolutionManifest>
</ImportExportXml>