<manifest><control namespace="PowerCAT" constructor="Elevation" version="1.0.8" display-name-key="Elevation" description-key="Elevation_Desc" control-type="standard" api-version="1.3.4"><property name="IsHovered" display-name-key="IsHovered" of-type="TwoOptions" usage="output" required="true" /><property name="FillColor" default-value="#ffffff" display-name-key="FillColor" of-type="SingleLine.Text" usage="bound" /><property name="HoverFillColor" display-name-key="HoverFillColor" of-type="SingleLine.Text" usage="bound" /><property name="Depth" display-name-key="Depth" of-type="Enum" usage="input" default-value="1"><value name="Depth0" display-name-key="Depth0">0</value><value name="Depth4" display-name-key="Depth4">1</value><value name="Depth8" display-name-key="Depth8">2</value><value name="Depth16" display-name-key="Depth16">3</value><value name="Depth64" display-name-key="Depth64">4</value></property><property name="HoverDepth" display-name-key="HoverDepth" of-type="Enum" usage="input" default-value="1"><value name="Depth0" display-name-key="Depth0">0</value><value name="Depth4" display-name-key="Depth4">1</value><value name="Depth8" display-name-key="Depth8">2</value><value name="Depth16" display-name-key="Depth16">3</value><value name="Depth64" display-name-key="Depth64">4</value></property><property name="PaddingLeft" display-name-key="PaddingLeft" of-type="Whole.None" usage="bound" default-value="0" /><property name="PaddingRight" display-name-key="PaddingRight" of-type="Whole.None" usage="bound" default-value="0" /><property name="PaddingTop" display-name-key="PaddingTop" of-type="Whole.None" usage="bound" default-value="0" /><property name="PaddingBottom" display-name-key="PaddingBottom" of-type="Whole.None" usage="bound" default-value="0" /><property name="DarkOverlay" display-name-key="DarkOverlay" of-type="TwoOptions" usage="input" required="true" /><resources><code path="bundle.js" order="1" /><css path="css/Elevation.css" order="1" /><resx path="strings/Elevation.1033.resx" version="1.0.0" /></resources><built-by name="pac" version="1.11.8" /></control></manifest>