<ImportExportXml xmlns:xsi="http://www.w3.org/2001/XMLSchema-instance">
  <Entities></Entities>
  <Roles></Roles>
  <Workflows></Workflows>
  <FieldSecurityProfiles></FieldSecurityProfiles>
  <Templates />
  <EntityMaps />
  <EntityRelationships />
  <OrganizationSettings />
  <optionsets />
  <CustomControls>
    <CustomControl>
      <Name>cat_PowerCAT.Calendar</Name>
      <FileName>/Controls/cat_PowerCAT.Calendar/ControlManifest.xml</FileName>
    </CustomControl>
    <CustomControl>
      <Name>cat_PowerCAT.Nav</Name>
      <FileName>/Controls/cat_PowerCAT.Nav/ControlManifest.xml</FileName>
    </CustomControl>
    <CustomControl>
      <Name>cat_PowerCAT.Picker</Name>
      <FileName>/Controls/cat_PowerCAT.Picker/ControlManifest.xml</FileName>
    </CustomControl>
    <CustomControl>
      <Name>cat_PowerCAT.Pivot</Name>
      <FileName>/Controls/cat_PowerCAT.Pivot/ControlManifest.xml</FileName>
    </CustomControl>
    <CustomControl>
      <Name>cat_PowerCAT.ResizableTextarea</Name>
      <FileName>/Controls/cat_PowerCAT.ResizableTextarea/ControlManifest.xml</FileName>
    </CustomControl>
    <CustomControl>
      <Name>cat_PowerCAT.Breadcrumb</Name>
      <FileName>/Controls/cat_PowerCAT.Breadcrumb/ControlManifest.xml</FileName>
    </CustomControl>
    <CustomControl>
      <Name>cat_PowerCAT.CommandBar</Name>
      <FileName>/Controls/cat_PowerCAT.CommandBar/ControlManifest.xml</FileName>
    </CustomControl>
    <CustomControl>
      <Name>cat_PowerCAT.FluentDetailsList</Name>
      <FileName>/Controls/cat_PowerCAT.FluentDetailsList/ControlManifest.xml</FileName>
    </CustomControl>
    <CustomControl>
      <Name>cat_PowerCAT.ProgressIndicator</Name>
      <FileName>/Controls/cat_PowerCAT.ProgressIndicator/ControlManifest.xml</FileName>
    </CustomControl>
    <CustomControl>
      <Name>cat_PowerCAT.Elevation</Name>
      <FileName>/Controls/cat_PowerCAT.Elevation/ControlManifest.xml</FileName>
    </CustomControl>
    <CustomControl>
      <Name>cat_PowerCAT.ContextMenu</Name>
      <FileName>/Controls/cat_PowerCAT.ContextMenu/ControlManifest.xml</FileName>
    </CustomControl>
    <CustomControl>
      <Name>cat_PowerCAT.KeyboardShortcuts</Name>
      <FileName>/Controls/cat_PowerCAT.KeyboardShortcuts/ControlManifest.xml</FileName>
    </CustomControl>
    <CustomControl>
      <Name>cat_PowerCAT.Spinner</Name>
      <FileName>/Controls/cat_PowerCAT.Spinner/ControlManifest.xml</FileName>
    </CustomControl>
    <CustomControl>
      <Name>cat_PowerCAT.AutoWidthLabel</Name>
      <FileName>/Controls/cat_PowerCAT.AutoWidthLabel/ControlManifest.xml</FileName>
    </CustomControl>
    <CustomControl>
      <Name>cat_PowerCAT.Icon</Name>
      <FileName>/Controls/cat_PowerCAT.Icon/ControlManifest.xml</FileName>
    </CustomControl>
    <CustomControl>
      <Name>cat_PowerCAT.TagList</Name>
      <FileName>/Controls/cat_PowerCAT.TagList/ControlManifest.xml</FileName>
    </CustomControl>
    <CustomControl>
      <Name>cat_PowerCAT.Shimmer</Name>
      <FileName>/Controls/cat_PowerCAT.Shimmer/ControlManifest.xml</FileName>
    </CustomControl>
    <CustomControl>
      <Name>cat_PowerCAT.ThemeDesigner</Name>
      <FileName>/Controls/cat_PowerCAT.ThemeDesigner/ControlManifest.xml</FileName>
    </CustomControl>
  </CustomControls>
  <EntityDataProviders />
  <CanvasApps>
    <CanvasApp>
      <Name>cat_powercatcomponentlibrary_0be3a</Name>
      <AppVersion>2022-08-26T06:49:38Z</AppVersion>
      <Status>Ready</Status>
      <CreatedByClientVersion>3.22082.8.0</CreatedByClientVersion>
      <MinClientVersion>3.22082.8.0</MinClientVersion>
      <Tags>{"primaryDeviceWidth":"1600","primaryDeviceHeight":"1136","sienaVersion":"20220823T023316Z-3.22082.8.0","deviceCapabilities":"","supportsPortrait":"true","supportsLandscape":"true","primaryFormFactor":"Phone","publisherVersion":"3.22082.8","minimumRequiredApiVersion":"2.2.0","hasComponent":"true","hasUnlockedComponent":"true","isUnifiedRootApp":"false"}</Tags>
      <IsCdsUpgraded>0</IsCdsUpgraded>
      <GalleryItemId xsi:nil="true"></GalleryItemId>
      <BackgroundColor>rgba(50, 50, 50, 1)</BackgroundColor>
      <DisplayName>Power CAT Component Library</DisplayName>
      <Description xsi:nil="true"></Description>
      <CommitMessage xsi:nil="true"></CommitMessage>
      <Publisher></Publisher>
      <AuthorizationReferences>[]</AuthorizationReferences>
      <ConnectionReferences>{}</ConnectionReferences>
      <DatabaseReferences>{"default.cds":{"databaseDetails":{"referenceType":"Environmental","environmentName":"default.cds","overrideValues":{"status":"NotSpecified"}},"dataSources":{}}}</DatabaseReferences>
      <AppComponents>[{"appComponentName":"952d39d80fc84420b772a5058b19d909","displayName":"ExpandMenu","appName":"81e5e6a9-c44c-4745-94af-8b1fdb4ee232","appVersion":"2022-08-26T06:49:38Z","appComponentLibraryLogicalName":"cat_powercatcomponentlibrary_0be3a","appDisplayName":"Power CAT Component Library","environmentName":"439a778f-f966-4fad-b85c-706b1c34dcfa","owner":{"id":"43477104-f4aa-478a-93b9-c0daac406de0","displayName":"Megan Bowen","email":"MeganB@PPlatform.OnMicrosoft.com","type":"User","tenantId":"8a235459-3d2c-415d-8c1e-e2fe133509ad","userPrincipalName":"MeganB@PPlatform.OnMicrosoft.com"},"allowCustomization":true,"createdOn":"2021-09-21T20:07:56.791Z","lastModifiedOn":"2022-08-26T06:48:19.905Z","connectionReferences":{},"databaseReferences":{"default.cds":{"databaseDetails":{"referenceType":"NotSpecified","environmentName":"default.cds","overrideValues":{"status":"NotSpecified"}},"dataSources":{}}}},{"appComponentName":"44e7951b1fad4ad98126f8c108dd1e9f","displayName":"Header","appName":"81e5e6a9-c44c-4745-94af-8b1fdb4ee232","appVersion":"2022-08-26T06:49:38Z","appComponentLibraryLogicalName":"cat_powercatcomponentlibrary_0be3a","appDisplayName":"Power CAT Component Library","environmentName":"439a778f-f966-4fad-b85c-706b1c34dcfa","owner":{"id":"43477104-f4aa-478a-93b9-c0daac406de0","displayName":"Megan Bowen","email":"MeganB@PPlatform.OnMicrosoft.com","type":"User","tenantId":"8a235459-3d2c-415d-8c1e-e2fe133509ad","userPrincipalName":"MeganB@PPlatform.OnMicrosoft.com"},"allowCustomization":true,"createdOn":"2021-09-21T20:07:56.791Z","lastModifiedOn":"2022-08-26T06:48:19.905Z","connectionReferences":{},"databaseReferences":{"default.cds":{"databaseDetails":{"referenceType":"NotSpecified","environmentName":"default.cds","overrideValues":{"status":"NotSpecified"}},"dataSources":{}}}},{"appComponentName":"2e88179d732a402184a767c94eab038b","displayName":"Dialog","appName":"81e5e6a9-c44c-4745-94af-8b1fdb4ee232","appVersion":"2022-08-26T06:49:38Z","appComponentLibraryLogicalName":"cat_powercatcomponentlibrary_0be3a","appDisplayName":"Power CAT Component Library","environmentName":"439a778f-f966-4fad-b85c-706b1c34dcfa","owner":{"id":"43477104-f4aa-478a-93b9-c0daac406de0","displayName":"Megan Bowen","email":"MeganB@PPlatform.OnMicrosoft.com","type":"User","tenantId":"8a235459-3d2c-415d-8c1e-e2fe133509ad","userPrincipalName":"MeganB@PPlatform.OnMicrosoft.com"},"allowCustomization":true,"createdOn":"2021-09-21T20:07:56.791Z","lastModifiedOn":"2022-08-26T06:48:19.905Z","connectionReferences":{},"databaseReferences":{"default.cds":{"databaseDetails":{"referenceType":"NotSpecified","environmentName":"default.cds","overrideValues":{"status":"NotSpecified"}},"dataSources":{}}}},{"appComponentName":"45ef3b58cba141ccb72325a8844e9634","displayName":"SearchBox","appName":"81e5e6a9-c44c-4745-94af-8b1fdb4ee232","appVersion":"2022-08-26T06:49:38Z","appComponentLibraryLogicalName":"cat_powercatcomponentlibrary_0be3a","appDisplayName":"Power CAT Component Library","environmentName":"439a778f-f966-4fad-b85c-706b1c34dcfa","owner":{"id":"43477104-f4aa-478a-93b9-c0daac406de0","displayName":"Megan Bowen","email":"MeganB@PPlatform.OnMicrosoft.com","type":"User","tenantId":"8a235459-3d2c-415d-8c1e-e2fe133509ad","userPrincipalName":"MeganB@PPlatform.OnMicrosoft.com"},"allowCustomization":true,"createdOn":"2021-09-21T20:07:56.791Z","lastModifiedOn":"2022-08-26T06:48:19.905Z","connectionReferences":{},"databaseReferences":{"default.cds":{"databaseDetails":{"referenceType":"NotSpecified","environmentName":"default.cds","overrideValues":{"status":"NotSpecified"}},"dataSources":{}}}},{"appComponentName":"599bd02396dc426681a20784c48547f9","displayName":"CustomIcon","appName":"81e5e6a9-c44c-4745-94af-8b1fdb4ee232","appVersion":"2022-08-26T06:49:38Z","appComponentLibraryLogicalName":"cat_powercatcomponentlibrary_0be3a","appDisplayName":"Power CAT Component Library","environmentName":"439a778f-f966-4fad-b85c-706b1c34dcfa","owner":{"id":"43477104-f4aa-478a-93b9-c0daac406de0","displayName":"Megan Bowen","email":"MeganB@PPlatform.OnMicrosoft.com","type":"User","tenantId":"8a235459-3d2c-415d-8c1e-e2fe133509ad","userPrincipalName":"MeganB@PPlatform.OnMicrosoft.com"},"allowCustomization":true,"createdOn":"2021-09-21T20:07:56.791Z","lastModifiedOn":"2022-08-26T06:48:19.905Z","connectionReferences":{},"databaseReferences":{"default.cds":{"databaseDetails":{"referenceType":"NotSpecified","environmentName":"default.cds","overrideValues":{"status":"NotSpecified"}},"dataSources":{}}}},{"appComponentName":"6da4b2f929d240969e49e05e10e720ce","displayName":"Panel","appName":"81e5e6a9-c44c-4745-94af-8b1fdb4ee232","appVersion":"2022-08-26T06:49:38Z","appComponentLibraryLogicalName":"cat_powercatcomponentlibrary_0be3a","appDisplayName":"Power CAT Component Library","environmentName":"439a778f-f966-4fad-b85c-706b1c34dcfa","owner":{"id":"43477104-f4aa-478a-93b9-c0daac406de0","displayName":"Megan Bowen","email":"MeganB@PPlatform.OnMicrosoft.com","type":"User","tenantId":"8a235459-3d2c-415d-8c1e-e2fe133509ad","userPrincipalName":"MeganB@PPlatform.OnMicrosoft.com"},"allowCustomization":true,"createdOn":"2021-09-21T20:07:56.791Z","lastModifiedOn":"2022-08-26T06:48:19.905Z","connectionReferences":{},"databaseReferences":{"default.cds":{"databaseDetails":{"referenceType":"NotSpecified","environmentName":"default.cds","overrideValues":{"status":"NotSpecified"}},"dataSources":{}}}}]</AppComponents>
      <AppComponentDependencies>[]</AppComponentDependencies>
      <CanConsumeAppPass>1</CanConsumeAppPass>
      <CanvasAppType>1</CanvasAppType>
      <BypassConsent>0</BypassConsent>
      <AdminControlBypassConsent>0</AdminControlBypassConsent>
      <EmbeddedApp xsi:nil="true"></EmbeddedApp>
      <IntroducedVersion>1.0</IntroducedVersion>
      <CdsDependencies>{"cdsdependencies":[]}</CdsDependencies>
      <IsCustomizable>1</IsCustomizable>
      <BackgroundImageUri>/CanvasApps/cat_powercatcomponentlibrary_0be3a_BackgroundImageUri</BackgroundImageUri>
      <DocumentUri>/CanvasApps/cat_powercatcomponentlibrary_0be3a_DocumentUri.msapp</DocumentUri>
    </CanvasApp>
  </CanvasApps>
  <Languages>
    <Language>1033</Language>
  </Languages>
</ImportExportXml>