<manifest><control namespace="PowerCAT" constructor="KeyboardShortcuts" version="1.0.8" display-name-key="KeyboardShortcuts" description-key="KeyboardShortcuts_Desc" control-type="standard" api-version="1.3.4"><property name="KeyConfig" display-name-key="KeyConfig" description-key="KeyConfig_Desc" of-type="SingleLine.Text" usage="input" required="true" /><property name="OnKey" display-name-key="OnKey" description-key="OnKey_Desc" of-type="SingleLine.Text" usage="bound" required="true" /><resources><code path="bundle.js" order="1" /><resx path="strings/KeyboardShortcuts.1033.resx" version="1.0.0" /></resources><built-by name="pac" version="1.11.4" /></control></manifest>